url,title,last_visit_time,domain,summary
https://grok.com/chat/2cd89f1b-61bb-4b49-9787-64172d5b14df,Where OneTab Stores Saved Tabs on Mac - Grok,2025-06-26 18:38:59,grok.com,Error summarizing URL https://grok.com/chat/2cd89f1b-61bb-4b49-9787-64172d5b14df: name 'default_api' is not defined
https://grok.com/chat/2cd89f1b-61bb-4b49-9787-64172d5b14df,Where OneTab Stores Saved Tabs on Mac - Grok,2025-06-26 18:38:59,grok.com,Error summarizing URL https://grok.com/chat/2cd89f1b-61bb-4b49-9787-64172d5b14df: name 'default_api' is not defined
https://grok.com/,Grok,2025-06-26 18:38:43,grok.com,Error summarizing URL https://grok.com/: name 'default_api' is not defined
https://apidog.com/blog/claude-4-pricing/,How Much Does Claude 4 Really Cost?,2025-06-26 18:38:15,apidog.com,Error summarizing URL https://apidog.com/blog/claude-4-pricing/: name 'default_api' is not defined
https://www.bing.com/search?qs=LS&pq=claude+cod&sk=CSYN1LS4&sc=16-10&pglt=675&q=claude+code+pricing&cvid=7b72127ffadd48ff8576524c7909d7c3&gs_lcrp=EgRlZGdlKgYIBRAAGEAyBwgAEAAY-QcyBggBEEUYOTIGCAIQABhAMgYIAxAAGEAyBggEEAAYQDIGCAUQABhAMgYIBhAAGEAyBggHEAAYQDIGCAgQABhA0gEIODI3OGowajGoAgiwAgE&FORM=ANNTA1&PC=U531,claude code pricing - Search,2025-06-26 18:38:15,www.bing.com,Error summarizing URL https://www.bing.com/search?qs=LS&pq=claude+cod&sk=CSYN1LS4&sc=16-10&pglt=675&q=claude+code+pricing&cvid=7b72127ffadd48ff8576524c7909d7c3&gs_lcrp=EgRlZGdlKgYIBRAAGEAyBwgAEAAY-QcyBggBEEUYOTIGCAIQABhAMgYIAxAAGEAyBggEEAAYQDIGCAUQABhAMgYIBhAAGEAyBggHEAAYQDIGCAgQABhA0gEIODI3OGowajGoAgiwAgE&FORM=ANNTA1&PC=U531: name 'default_api' is not defined
https://www.bing.com/ck/a?!&&p=b3c55364344a10b323f23a3dbe319c1e5e38725015efa7acae23686e0816caa7JmltdHM9MTc1MDg5NjAwMA&ptn=3&ver=2&hsh=4&fclid=3bc1b8a8-180d-642d-1bc9-ad4e19a565f2&psq=claude+code+pricing&u=a1aHR0cHM6Ly9hcGlkb2cuY29tL2Jsb2cvY2xhdWRlLTQtcHJpY2luZy8&ntb=1,,2025-06-26 18:38:15,www.bing.com,Error summarizing URL https://www.bing.com/ck/a?!&&p=b3c55364344a10b323f23a3dbe319c1e5e38725015efa7acae23686e0816caa7JmltdHM9MTc1MDg5NjAwMA&ptn=3&ver=2&hsh=4&fclid=3bc1b8a8-180d-642d-1bc9-ad4e19a565f2&psq=claude+code+pricing&u=a1aHR0cHM6Ly9hcGlkb2cuY29tL2Jsb2cvY2xhdWRlLTQtcHJpY2luZy8&ntb=1: name 'default_api' is not defined
https://www.anthropic.com/pricing,Pricing \ Anthropic,2025-06-26 18:38:04,www.anthropic.com,Error summarizing URL https://www.anthropic.com/pricing: name 'default_api' is not defined
https://www.bing.com/search?qs=LS&pq=claude+cod&sk=CSYN1LS4&sc=16-10&pglt=675&q=claude+code+pricing&cvid=7b72127ffadd48ff8576524c7909d7c3&gs_lcrp=EgRlZGdlKgYIBRAAGEAyBwgAEAAY-QcyBggBEEUYOTIGCAIQABhAMgYIAxAAGEAyBggEEAAYQDIGCAUQABhAMgYIBhAAGEAyBggHEAAYQDIGCAgQABhA0gEIODI3OGowajGoAgiwAgE&FORM=ANNTA1&PC=U531,claude code pricing - Search,2025-06-26 18:38:03,www.bing.com,Error summarizing URL https://www.bing.com/search?qs=LS&pq=claude+cod&sk=CSYN1LS4&sc=16-10&pglt=675&q=claude+code+pricing&cvid=7b72127ffadd48ff8576524c7909d7c3&gs_lcrp=EgRlZGdlKgYIBRAAGEAyBwgAEAAY-QcyBggBEEUYOTIGCAIQABhAMgYIAxAAGEAyBggEEAAYQDIGCAUQABhAMgYIBhAAGEAyBggHEAAYQDIGCAgQABhA0gEIODI3OGowajGoAgiwAgE&FORM=ANNTA1&PC=U531: name 'default_api' is not defined
https://www.bing.com/ck/a?!&&p=6f6e0b4df75bf638a37dd3d6a0c8928bc4fb4eb5db5ed3beb4b0806a83120913JmltdHM9MTc1MDg5NjAwMA&ptn=3&ver=2&hsh=4&fclid=3bc1b8a8-180d-642d-1bc9-ad4e19a565f2&psq=claude+code+pricing&u=a1aHR0cHM6Ly93d3cuYW50aHJvcGljLmNvbS9wcmljaW5n&ntb=1,,2025-06-26 18:38:03,www.bing.com,Error summarizing URL https://www.bing.com/ck/a?!&&p=6f6e0b4df75bf638a37dd3d6a0c8928bc4fb4eb5db5ed3beb4b0806a83120913JmltdHM9MTc1MDg5NjAwMA&ptn=3&ver=2&hsh=4&fclid=3bc1b8a8-180d-642d-1bc9-ad4e19a565f2&psq=claude+code+pricing&u=a1aHR0cHM6Ly93d3cuYW50aHJvcGljLmNvbS9wcmljaW5n&ntb=1: name 'default_api' is not defined
https://www.bing.com/search?qs=LS&pq=claude+cod&sk=CSYN1LS4&sc=16-10&pglt=675&q=claude+code+pricing&cvid=7b72127ffadd48ff8576524c7909d7c3&gs_lcrp=EgRlZGdlKgYIBRAAGEAyBwgAEAAY-QcyBggBEEUYOTIGCAIQABhAMgYIAxAAGEAyBggEEAAYQDIGCAUQABhAMgYIBhAAGEAyBggHEAAYQDIGCAgQABhA0gEIODI3OGowajGoAgiwAgE&FORM=ANNTA1&PC=U531,claude code pricing - Search,2025-06-26 18:38:01,www.bing.com,Error summarizing URL https://www.bing.com/search?qs=LS&pq=claude+cod&sk=CSYN1LS4&sc=16-10&pglt=675&q=claude+code+pricing&cvid=7b72127ffadd48ff8576524c7909d7c3&gs_lcrp=EgRlZGdlKgYIBRAAGEAyBwgAEAAY-QcyBggBEEUYOTIGCAIQABhAMgYIAxAAGEAyBggEEAAYQDIGCAUQABhAMgYIBhAAGEAyBggHEAAYQDIGCAgQABhA0gEIODI3OGowajGoAgiwAgE&FORM=ANNTA1&PC=U531: name 'default_api' is not defined
chrome-extension://hoimpamkkoehapgenciaoajfkfkpgfop/onetab.html,OneTab,2025-06-26 18:34:42,,Error summarizing URL chrome-extension://hoimpamkkoehapgenciaoajfkfkpgfop/onetab.html: name 'default_api' is not defined
chrome-extension://hoimpamkkoehapgenciaoajfkfkpgfop/onetab.html,OneTab,2025-06-26 18:33:28,,Error summarizing URL chrome-extension://hoimpamkkoehapgenciaoajfkfkpgfop/onetab.html: name 'default_api' is not defined
https://www.microsoft.com/en-us/edge/update/137?ep=0&es=226&form=MT013Z&channel=stable&version=137.0.3296.93&ntc=1&cs=2298872975,What's new in Microsoft Edge,2025-06-26 18:32:39,www.microsoft.com,Error summarizing URL https://www.microsoft.com/en-us/edge/update/137?ep=0&es=226&form=MT013Z&channel=stable&version=137.0.3296.93&ntc=1&cs=2298872975: name 'default_api' is not defined
https://www.microsoft.com/edge/update?form=MT013Z&channel=stable&version=137.0.3296.93&ntc=1,What's new in Microsoft Edge,2025-06-26 18:32:39,www.microsoft.com,Error summarizing URL https://www.microsoft.com/edge/update?form=MT013Z&channel=stable&version=137.0.3296.93&ntc=1: name 'default_api' is not defined
https://go.microsoft.com/fwlink/?linkid=2140622&channel=stable&version=137.0.3296.93&ntc=1,What's new in Microsoft Edge,2025-06-26 18:32:39,go.microsoft.com,Error summarizing URL https://go.microsoft.com/fwlink/?linkid=2140622&channel=stable&version=137.0.3296.93&ntc=1: name 'default_api' is not defined
https://www.microsoft.com/edge/update?form=MT013Z&channel=stable&version=137.0.3296.93&ntc=1,What's new in Microsoft Edge,2025-06-26 18:32:39,www.microsoft.com,Error summarizing URL https://www.microsoft.com/edge/update?form=MT013Z&channel=stable&version=137.0.3296.93&ntc=1: name 'default_api' is not defined
https://go.microsoft.com/fwlink/?linkid=2140622&channel=stable&version=137.0.3296.93&ntc=1,What's new in Microsoft Edge,2025-06-26 18:32:39,go.microsoft.com,Error summarizing URL https://go.microsoft.com/fwlink/?linkid=2140622&channel=stable&version=137.0.3296.93&ntc=1: name 'default_api' is not defined
chrome-extension://hoimpamkkoehapgenciaoajfkfkpgfop/onetab.html,OneTab,2025-06-26 18:32:36,,Error summarizing URL chrome-extension://hoimpamkkoehapgenciaoajfkfkpgfop/onetab.html: name 'default_api' is not defined
chrome-extension://hoimpamkkoehapgenciaoajfkfkpgfop/onetab.html,OneTab,2025-06-26 18:00:12,,Error summarizing URL chrome-extension://hoimpamkkoehapgenciaoajfkfkpgfop/onetab.html: name 'default_api' is not defined
chrome-extension://hoimpamkkoehapgenciaoajfkfkpgfop/onetab.html,OneTab,2025-06-26 18:00:02,,Error summarizing URL chrome-extension://hoimpamkkoehapgenciaoajfkfkpgfop/onetab.html: name 'default_api' is not defined
https://grok.com/chat/56698f4d-790c-4fb9-beb0-853598abf695,Edge Browsing History Location on Mac - Grok,2025-06-26 17:52:09,grok.com,Error summarizing URL https://grok.com/chat/56698f4d-790c-4fb9-beb0-853598abf695: name 'default_api' is not defined
https://grok.com/chat/56698f4d-790c-4fb9-beb0-853598abf695,Edge Browsing History Location on Mac - Grok,2025-06-26 17:52:09,grok.com,Error summarizing URL https://grok.com/chat/56698f4d-790c-4fb9-beb0-853598abf695: name 'default_api' is not defined
https://grok.com/,Grok,2025-06-26 17:51:48,grok.com,Error summarizing URL https://grok.com/: name 'default_api' is not defined
chrome-extension://hoimpamkkoehapgenciaoajfkfkpgfop/onetab.html,OneTab,2025-06-26 17:51:34,,Error summarizing URL chrome-extension://hoimpamkkoehapgenciaoajfkfkpgfop/onetab.html: name 'default_api' is not defined
